日期,最新收盘价(元),期间涨跌幅(%),融券余额(万元),融券卖出额(万元),融券净卖出额(万元),融券余额占流通市值(%),融券卖出额占成交额(%)
2020-08-21,14.45,-0.96,"64,969.13","6,511.77","5,461.13",0.23,3.64
2020-08-24,14.46,0.07,"64,624.39",932.53,-392.19,0.23,0.70
2020-08-25,14.60,0.97,"67,552.79","2,371.24","2,298.94",0.24,2.17
2020-08-26,14.37,-1.58,"68,213.14","4,176.27","1,728.37",0.24,3.95
2020-08-27,14.46,0.63,"70,493.26","2,400.45","1,831.35",0.25,2.68
2020-08-28,15.13,4.63,"76,714.43","3,263.83","2,916.08",0.26,0.91
2020-08-31,15.08,-0.33,"80,142.55","4,546.95","3,749.94",0.27,1.65
2020-09-01,15.14,0.40,"82,848.24","3,484.35","2,380.02",0.28,2.84
2020-09-02,15.32,1.19,"86,442.07","2,944.58","2,612.04",0.29,1.14
2020-09-03,14.90,-2.74,"85,417.30","2,277.91","1,353.74",0.30,1.19
2020-09-04,14.96,0.40,"86,369.54","1,950.24",604.86,0.30,1.44
2020-09-07,14.94,-0.13,"86,081.52",335.41,-173.80,0.30,0.22
2020-09-08,15.43,3.28,"90,049.56","1,820.89","1,135.42",0.30,0.85
2020-09-09,15.21,-1.43,"88,602.35",801.56,-164.59,0.30,0.52
2020-09-10,15.34,0.85,"90,224.35",992.25,865.44,0.30,0.68
2020-09-11,15.01,-2.15,"90,212.95","2,471.65","1,928.91",0.31,1.73
2020-09-14,15.30,1.93,"92,192.57","1,073.06",330.21,0.31,1.04
2020-09-15,15.35,0.33,"92,357.59",856.70,-234.23,0.31,0.85
2020-09-16,15.44,0.59,"102,572.95","9,809.38","9,667.43",0.34,8.80
2020-09-17,15.57,0.84,"105,293.90","2,142.01","1,863.07",0.35,1.39
2020-09-18,16.07,3.21,"108,492.01",191.41,-181.54,0.35,0.09
2020-09-21,15.86,-1.31,"105,965.97",679.78,"-1,105.99",0.34,0.48
2020-09-22,15.57,-1.83,"109,361.89","5,556.09","5,347.08",0.36,4.10
2020-09-23,15.63,0.39,"112,458.47","2,804.36","2,684.32",0.37,2.98
2020-09-24,15.12,-3.26,"109,528.45","2,389.68",748.27,0.37,1.47
2020-09-25,15.19,0.46,"109,277.55","2,920.26",-758.17,0.37,3.13
2020-09-28,15.31,0.79,"115,843.13","7,917.87","5,670.33",0.39,8.49
2020-09-29,14.80,-3.33,"111,402.42","3,200.67",-587.43,0.39,1.81
2020-09-30,15.17,2.50,"116,567.79","2,937.88","2,370.33",0.40,1.60
2020-10-09,15.18,0.07,"116,912.71",436.61,270.07,0.40,0.32
2020-10-12,15.90,4.74,"122,996.28",786.05,533.78,0.40,0.31
2020-10-13,16.06,1.01,"129,256.13","5,856.17","5,002.96",0.41,4.03
2020-10-14,16.03,-0.19,"131,339.37","2,671.02","2,315.60",0.42,2.52
2020-10-15,16.56,3.31,"141,741.00","6,337.27","6,069.85",0.44,2.39
2020-10-16,17.10,3.26,"146,594.86",392.73,232.25,0.44,0.11
2020-10-19,17.48,2.22,"147,372.99",179.62,"-2,512.74",0.43,0.05
2020-10-20,17.54,0.34,"150,422.75","6,232.45","2,527.60",0.44,3.72
2020-10-21,17.91,2.11,"154,898.15","4,019.55","1,287.70",0.45,1.82
2020-10-22,17.56,-1.95,"153,870.87","3,715.43","2,013.21",0.45,1.11
2020-10-23,18.13,3.25,"158,337.29",255.25,-532.75,0.45,0.08
2020-10-26,17.70,-2.37,"158,201.81","4,018.20","3,628.57",0.46,1.93
2020-10-27,17.76,0.34,"158,652.67","3,910.39",-85.47,0.46,2.13
2020-10-28,17.63,-0.73,"163,508.41","8,470.44","6,016.30",0.48,3.98
2020-10-29,17.77,0.79,"169,036.27","4,511.62","4,211.52",0.49,3.01
2020-10-30,17.75,-0.11,"170,969.98","2,723.72","2,152.71",0.50,1.50
2020-11-02,17.63,-0.68,"170,400.47","1,032.38",584.74,0.50,0.61
2020-11-03,17.96,1.87,"176,381.10","2,871.39","2,802.67",0.51,1.66
2020-11-04,18.32,2.00,"181,754.87","2,063.67","1,830.37",0.51,0.91
2020-11-05,17.70,-3.38,"173,121.13",195.27,"-2,510.51",0.50,0.08
2020-11-06,17.64,-0.34,"166,792.88",969.53,"-5,700.15",0.49,0.65
2020-11-09,17.84,1.13,"174,689.03","6,235.24","5,974.89",0.50,3.69
2020-11-10,18.11,1.51,"178,422.09","1,213.28","1,092.16",0.51,0.65
2020-11-11,17.81,-1.66,"176,097.81","1,902.80",632.66,0.51,1.13
2020-11-12,17.66,-0.84,"174,825.36",393.52,210.90,0.51,0.33
2020-11-13,17.18,-2.72,"172,934.82","3,241.75","2,831.08",0.52,1.48
2020-11-16,17.37,1.11,"176,807.06","2,090.06","1,942.34",0.52,1.60
2020-11-17,17.83,2.65,"182,871.02","1,849.97","1,371.45",0.53,1.23
2020-11-18,18.46,3.53,"192,344.10","3,205.11","2,979.89",0.54,1.28
2020-11-19,18.85,2.11,"192,043.56",212.11,"-4,338.05",0.52,0.09
2020-11-20,18.86,0.05,"193,619.35","1,593.97","1,467.24",0.53,1.26
2020-11-23,19.62,4.03,"199,318.94",256.17,"-2,070.39",0.52,0.11
2020-11-24,19.36,-1.33,"196,490.98",101.05,-186.61,0.52,0.08
2020-11-25,19.06,-1.55,"194,811.98","1,723.49","1,385.41",0.53,1.61
2020-11-26,19.50,2.31,"199,335.73",168.47,26.37,0.53,0.14
2020-11-27,19.70,1.03,"204,886.21","3,866.71","3,493.01",0.54,2.61
2020-11-30,19.74,0.20,"203,084.58",231.46,"-2,282.94",0.53,0.07
2020-12-01,20.05,1.57,"209,229.99","5,504.99","2,935.44",0.54,2.19
2020-12-02,19.63,-2.09,"208,047.24","4,271.57","3,223.54",0.55,2.43
2020-12-03,19.54,-0.46,"209,129.24","3,068.75","2,031.55",0.55,2.20
2020-12-04,19.30,-1.23,"206,589.21","2,207.38",28.39,0.55,1.29
2020-12-07,18.91,-2.02,"200,660.71",165.36,"-1,756.88",0.55,0.10
2020-12-08,18.71,-1.06,"193,046.65","3,127.85","-5,489.71",0.53,2.32
2020-12-09,18.71,0.00,"194,457.50","1,548.97","1,422.44",0.54,1.21
2020-12-10,18.65,-0.32,"193,454.57",207.81,-378.42,0.53,0.18
2020-12-11,18.52,-0.70,"192,870.27","1,030.43",763.35,0.54,0.63
2020-12-14,18.88,1.94,"200,491.28","4,033.69","3,864.66",0.55,2.56
2020-12-15,18.74,-0.74,"200,603.78","3,136.23","1,577.50",0.55,2.15
2020-12-16,19.01,1.44,"208,217.50","4,864.52","4,695.40",0.56,3.74
2020-12-17,18.95,-0.32,"203,932.99",136.10,"-3,611.76",0.55,0.11
2020-12-18,18.36,-3.11,"190,944.21","1,825.65","-6,693.68",0.54,0.93
2020-12-21,18.28,-0.44,"189,372.05",350.73,-742.33,0.53,0.21
2020-12-22,17.90,-2.08,"184,212.15",540.93,"-1,244.68",0.53,0.29
2020-12-23,18.00,0.56,"186,045.69","1,507.68",801.74,0.53,1.12
2020-12-24,18.26,1.44,"188,785.24",340.55,52.23,0.53,0.29
2020-12-25,18.04,-1.20,"186,988.24",818.52,476.18,0.53,0.79
2020-12-28,18.85,4.49,"195,260.02",898.33,-121.88,0.53,0.38
2020-12-29,19.17,1.70,"198,149.20",303.43,-423.66,0.53,0.17
2020-12-30,19.20,0.16,"201,518.78","3,539.24","3,019.38",0.54,1.91
2020-12-31,19.34,0.73,"202,948.21",382.36,-39.84,0.54,0.21
2021-01-04,18.60,-3.83,"191,549.94",334.86,"-3,633.99",0.53,0.12
2021-01-05,18.17,-2.31,"184,812.80",270.69,"-2,291.53",0.52,0.08
2021-01-06,19.56,7.65,"198,438.02",963.92,-494.45,0.52,0.26
2021-01-07,19.90,1.74,"203,658.12","5,470.10","1,749.17",0.53,1.76
2021-01-08,19.85,-0.25,"205,779.34","3,174.98","2,603.95",0.53,1.35
2021-01-11,20.38,2.67,"202,156.92",789.48,"-9,125.76",0.51,0.22
2021-01-12,21.00,3.04,"207,779.23","1,236.47",-518.45,0.51,0.47
2021-01-13,20.70,-1.43,"203,402.22",520.72,"-1,402.36",0.51,0.24
2021-01-14,20.17,-2.56,"203,325.43","6,491.36","5,191.60",0.52,2.81
2021-01-15,21.00,4.12,"211,388.11","7,836.35",-310.15,0.52,1.48
2021-01-18,22.70,8.10,"233,267.58","5,568.97","4,665.70",0.53,1.16
2021-01-19,22.34,-1.59,"211,518.31","3,034.64","-18,148.95",0.49,1.09
2021-01-20,22.47,0.58,"215,978.40","4,624.94","3,241.92",0.50,1.60
2021-01-21,22.23,-1.07,"213,532.40",865.30,-140.09,0.49,0.41
2021-01-22,22.03,-0.90,"205,504.97",436.31,"-6,074.24",0.48,0.22
2021-01-25,22.49,2.09,"213,958.91","5,050.09","4,084.10",0.49,2.23
2021-01-26,22.37,-0.53,"215,609.78","5,780.12","2,834.71",0.50,2.26
2021-01-27,23.08,3.17,"227,821.37","5,768.15","5,350.20",0.51,1.94
2021-01-28,22.81,-1.17,"220,877.02",838.91,"-4,263.83",0.50,0.43
2021-01-29,23.09,1.23,"225,876.33","7,259.17","2,288.26",0.50,2.53
2021-02-01,24.55,6.32,"227,202.94",568.47,"-12,626.08",0.48,0.16
2021-02-02,23.28,-5.17,"211,639.63","3,787.15","-3,846.64",0.47,0.67
2021-02-03,24.95,7.17,"233,949.24","8,861.88","6,966.56",0.48,1.89
2021-02-04,24.60,-1.40,"225,998.50","1,101.62","-4,663.81",0.47,0.36
2021-02-05,24.93,1.34,"226,152.02","1,271.33","-2,862.22",0.47,0.50
2021-02-08,24.80,-0.52,"223,699.25","1,126.14","-1,255.47",0.46,0.42
2021-02-09,24.58,-0.89,"210,710.01","1,117.40","-10,944.52",0.44,0.49
2021-02-10,23.82,-3.09,"193,413.89","3,839.66","-10,778.73",0.42,0.84
2021-02-18,24.30,2.02,"201,176.30","5,921.18","3,824.41",0.43,1.64
2021-02-19,23.85,-1.85,"199,137.96","2,306.93","1,685.00",0.43,1.05
2021-02-22,22.38,-6.16,"182,141.46",738.61,"-4,794.20",0.42,0.17
2021-02-23,21.93,-2.01,"179,278.58","4,509.58",810.96,0.42,1.08
2021-02-24,22.16,1.05,"183,058.63","3,923.50","1,886.98",0.43,1.25
2021-02-25,22.09,-0.32,"183,234.87","1,228.22",755.52,0.43,0.35
2021-02-26,21.38,-3.21,"177,730.77","1,297.31",388.41,0.43,0.54
2021-03-01,21.45,0.33,"180,121.80","8,341.62","1,804.71",0.43,3.46
2021-03-02,21.65,0.93,"191,706.13","10,505.52","9,925.28",0.46,3.29
2021-03-03,23.01,6.28,"209,436.72","6,383.37","5,563.09",0.47,1.48
2021-03-04,22.92,-0.39,"209,741.76","2,141.83","1,131.59",0.47,0.77
2021-03-05,22.34,-2.53,"200,837.06","2,157.40","-3,586.37",0.46,1.10
2021-03-08,21.60,-3.31,"196,715.54","3,209.19","2,581.37",0.47,1.47
2021-03-09,20.85,-3.47,"186,808.23","1,268.84","-3,123.92",0.46,0.44
2021-03-10,20.40,-2.16,"190,105.88","7,879.36","7,365.04",0.48,3.34
2021-03-11,21.27,4.26,"200,387.34","2,766.33","2,157.06",0.49,1.25
2021-03-12,21.48,0.99,"204,398.04","2,395.67","2,027.69",0.49,1.60
2021-03-15,21.60,0.56,"208,030.16","3,064.69","2,498.75",0.50,1.47
2021-03-16,21.66,0.28,"201,243.64",951.72,"-7,375.65",0.48,0.47
2021-03-17,21.20,-2.12,"192,828.51",578.91,"-4,133.24",0.47,0.33
2021-03-18,21.73,2.50,"195,023.24",649.64,"-2,592.67",0.46,0.44
2021-03-19,20.47,-5.80,"187,614.00","5,170.80","3,944.30",0.47,1.64
2021-03-22,21.55,5.28,"199,508.24","4,222.38","1,970.32",0.48,1.37
2021-03-23,21.23,-1.48,"198,507.13","4,146.31","1,959.05",0.48,2.86
2021-03-24,20.53,-3.30,"193,529.17","2,448.73","1,578.45",0.49,1.39
2021-03-25,20.75,1.07,"194,196.81","1,754.72","-1,399.19",0.48,1.73
2021-03-26,21.14,1.88,"199,554.25","2,586.07","1,703.03",0.49,1.49
2021-03-29,21.49,1.66,"203,103.55",617.66,244.83,0.49,0.37
2021-03-30,21.93,2.05,"205,965.08","1,068.93","-1,282.02",0.48,0.67
2021-03-31,22.01,0.36,"204,958.78","2,450.47","-1,747.05",0.48,1.44
2021-04-01,21.78,-1.04,"202,813.30","1,805.43",-3.70,0.48,1.53
2021-04-02,21.50,-1.29,"200,756.84","2,103.73",550.91,0.48,1.68
2021-04-06,21.68,0.84,"200,213.45",465.11,"-2,233.86",0.48,0.53
2021-04-07,21.64,-0.18,"199,861.92",344.57,17.81,0.48,0.31
2021-04-08,21.56,-0.37,"198,853.77",364.08,-269.08,0.48,0.44
2021-04-09,21.30,-1.21,"196,808.87",664.20,353.19,0.48,0.78
2021-04-12,20.70,-2.82,"189,015.67",352.79,"-2,265.64",0.47,0.28
2021-04-13,20.78,0.39,"187,582.88","1,008.32","-2,159.51",0.47,0.97
2021-04-14,20.67,-0.53,"188,970.06","3,881.56","2,384.68",0.47,3.49
2021-04-15,20.36,-1.50,"185,084.33","1,219.80","-1,048.68",0.47,0.82
2021-04-16,20.26,-0.49,"181,379.74",988.74,"-2,771.96",0.46,0.67
2021-04-19,21.15,4.39,"181,613.36","1,467.82","-7,574.89",0.44,0.64
2021-04-20,21.69,2.55,"184,960.30","1,585.26","-1,281.18",0.44,0.88
2021-04-21,23.01,6.09,"195,402.38",700.57,-807.42,0.44,0.19
2021-04-22,22.98,-0.13,"194,173.53","1,262.49",-973.36,0.44,0.66
2021-04-23,23.29,1.35,"197,654.66","1,313.82",863.13,0.44,0.68
2021-04-26,22.94,-1.50,"191,935.03",875.86,"-2,798.46",0.43,0.43
2021-04-27,22.94,0.00,"193,424.90","1,928.96","1,495.22",0.43,1.78
2021-04-28,23.35,1.79,"196,894.53",390.66,12.50,0.43,0.28
2021-04-29,23.59,1.03,"199,889.25","1,225.70",963.88,0.44,0.85
2021-04-30,23.29,-1.27,"199,167.32","3,317.34","1,819.17",0.44,2.54
2021-05-06,23.50,0.90,"199,968.21","3,700.95",-993.68,0.44,3.15
2021-05-07,24.05,2.34,"206,446.34","2,254.49","1,797.83",0.44,1.17
2021-05-10,23.86,-0.79,"206,332.15","3,892.76","1,505.89",0.45,2.48
2021-05-11,23.53,-1.38,"205,367.70","2,395.09","1,876.15",0.45,2.06
2021-05-12,23.55,0.08,"208,924.74","4,854.64","3,354.69",0.46,3.90
2021-05-13,23.07,-2.04,"202,374.45",525.99,"-2,299.00",0.45,0.41
2021-05-14,23.32,1.88,"206,836.50","2,509.93","2,243.99",0.46,1.93
2021-05-17,23.60,1.20,"206,281.65","2,324.28","-3,029.90",0.45,1.87
2021-05-18,23.90,1.27,"209,089.81",429.71,184.91,0.45,0.46
2021-05-19,23.60,-1.26,"207,333.97","1,221.34",876.54,0.45,1.19
2021-05-20,23.82,0.93,"210,018.66",998.09,744.83,0.45,1.04
2021-05-21,23.49,-1.39,"205,873.39",226.46,"-1,231.94",0.45,0.18
2021-05-24,23.48,-0.04,"204,354.37",733.35,"-1,428.77",0.45,0.91
2021-05-25,24.60,4.77,"216,080.93","4,285.32","1,954.92",0.45,1.81
2021-05-26,25.01,1.67,"221,589.30","2,442.09","1,896.61",0.46,1.07
2021-05-27,24.79,-0.88,"215,901.30","1,165.37","-3,730.03",0.45,0.93
2021-05-28,24.50,-1.17,"215,337.17","3,048.12","1,952.02",0.45,2.54
2021-05-31,24.20,-1.22,"212,665.97","1,187.59",-34.33,0.45,0.95
2021-06-01,23.92,-1.16,"210,599.42","1,118.74",392.84,0.45,0.75
2021-06-02,23.89,-0.13,"209,597.53",323.99,-730.32,0.45,0.28
2021-06-03,23.77,-0.50,"205,640.33","1,915.63","-2,922.48",0.45,2.00
2021-06-04,24.54,3.24,"214,040.98","2,084.53","1,733.93",0.45,1.13
2021-06-07,24.30,-0.98,"212,399.55","1,020.26",449.10,0.45,0.94
2021-06-08,24.53,0.95,"213,621.45",464.71,-780.42,0.45,0.34
2021-06-09,24.65,0.49,"217,457.27","3,093.22","2,785.99",0.45,2.77
2021-06-10,24.20,-1.83,"211,932.61","1,603.65","-1,569.21",0.45,1.24
2021-06-11,23.37,-3.43,"204,623.91",987.63,-40.24,0.45,0.50
2021-06-15,23.22,-0.64,"203,469.58","1,840.12",158.06,0.45,1.21
2021-06-16,23.26,0.17,"208,886.48","5,307.78","5,059.25",0.46,6.04
2021-06-17,23.10,-0.69,"211,005.82","4,049.70","3,597.11",0.47,3.82
2021-06-18,22.65,-1.95,"206,915.25","3,790.61",19.96,0.47,2.41
2021-06-21,22.16,-2.16,"202,271.63","1,400.13",-168.19,0.47,0.88
2021-06-22,22.97,3.66,"210,362.11","1,500.73",688.76,0.47,0.87
2021-06-23,23.14,0.74,"209,459.93","1,085.77","-2,457.58",0.47,1.05
2021-06-24,23.08,-0.26,"211,463.00","3,543.09","2,528.45",0.47,3.96
2021-06-25,23.36,1.21,"213,822.14",860.15,-206.61,0.47,0.66
2021-06-28,22.78,-2.48,"208,087.90",82.18,-425.03,0.47,0.06
2021-06-29,22.34,-1.93,"203,858.42",330.18,-209.93,0.47,0.14
2021-06-30,22.62,1.25,"205,136.33",194.23,"-1,278.17",0.47,0.21
2021-07-01,23.20,2.56,"211,146.70",805.29,744.70,0.47,0.53
2021-07-02,21.81,-5.99,"197,521.63",54.23,-984.92,0.47,0.02
2021-07-05,22.06,1.15,"200,242.61","2,006.44",448.11,0.47,1.08
2021-07-06,22.78,3.26,"208,513.30","2,294.21","1,716.57",0.47,1.29
2021-07-07,22.55,-1.01,"202,630.28","1,161.16","-3,800.76",0.46,1.09
2021-07-08,21.51,-4.61,"192,820.93","1,900.27",-465.07,0.46,0.61
2021-07-09,21.27,-1.12,"192,696.96","2,288.63","2,032.35",0.47,1.41
2021-07-12,21.16,-0.52,"191,966.18","1,176.55",265.97,0.47,0.63
2021-07-13,21.12,-0.19,"189,019.26",458.14,"-2,571.28",0.46,0.33
2021-07-14,20.76,-1.70,"185,277.39","1,296.64",-518.62,0.46,0.74
2021-07-15,21.62,4.14,"194,316.01","1,708.61","1,345.80",0.46,0.84
2021-07-16,21.34,-1.30,"191,671.99",387.69,-128.21,0.46,0.32
2021-07-19,21.21,-0.61,"191,575.46","1,416.86","1,062.39",0.47,1.29
2021-07-20,20.60,-2.88,"184,466.31",312.96,"-1,608.14",0.46,0.19
2021-07-21,20.45,-0.73,"179,893.38",999.19,"-3,219.84",0.45,0.65
2021-07-22,20.38,-0.34,"183,660.12","4,606.51","4,391.66",0.46,2.60
2021-07-23,20.10,-1.37,"180,667.89","1,444.18",-468.74,0.46,0.99
2021-07-26,18.80,-6.47,"168,667.06",652.43,-320.68,0.46,0.24
2021-07-27,17.76,-5.53,"159,288.89","2,306.16",-48.65,0.46,0.94
2021-07-28,17.75,-0.06,"157,714.70","2,765.55","-1,493.74",0.46,1.46
2021-07-29,17.96,1.18,"164,779.04","9,180.84","5,196.15",0.47,5.86
2021-07-30,17.69,-1.50,"159,570.55","5,236.14","-2,729.54",0.46,3.12
2021-08-02,18.01,1.81,"162,903.18","2,725.64",439.06,0.47,1.33
2021-08-03,17.89,-0.67,"164,506.17","3,334.33","2,696.41",0.47,2.07
2021-08-04,17.81,-0.45,"162,158.33","1,309.22","-1,613.09",0.47,1.01
2021-08-05,17.68,-0.73,"161,117.28","1,549.97",143.36,0.47,1.40
2021-08-06,17.86,1.02,"165,274.44","2,872.86","2,497.95",0.48,2.86
2021-08-09,19.06,6.72,"176,946.24","1,539.31",562.55,0.48,0.46
2021-08-10,19.73,3.52,"181,176.71",635.23,"-1,963.71",0.47,0.25
2021-08-11,19.81,0.41,"180,807.04",736.97,"-1,119.32",0.47,0.35
2021-08-12,19.89,0.40,"182,783.53","1,705.58","1,250.85",0.47,1.28
2021-08-13,19.89,0.00,"182,365.68","1,004.70",-414.35,0.47,0.90
2021-08-16,19.95,0.30,"180,490.71",486.45,"-2,418.72",0.47,0.39
2021-08-17,19.67,-1.40,"176,863.30",279.23,"-1,107.12",0.46,0.29
2021-08-18,20.62,4.83,"186,935.47","1,766.48","1,521.38",0.47,0.65
2021-08-19,20.34,-1.36,"184,163.64",706.45,-232.23,0.47,0.54
2021-08-20,19.42,-4.52,"175,185.06","1,019.19",-645.26,0.46,0.33
2021-08-23,19.30,-0.62,"175,563.76","1,861.87","1,471.11",0.47,0.80
2021-08-24,19.36,0.31,"176,244.37",573.99,135.49,0.47,0.34
2021-08-25,19.16,-1.03,"174,137.03",421.18,-287.45,0.47,0.31
2021-08-26,18.46,-3.65,"166,016.71",564.20,"-1,785.38",0.46,0.32
2021-08-27,18.39,-0.38,"166,269.48","1,483.29",891.59,0.47,1.10
2021-08-30,17.72,-3.64,"160,061.80","1,679.32",-150.21,0.47,0.76
2021-08-31,17.80,0.45,"159,491.24",780.51,"-1,281.27",0.46,0.38
2021-09-01,17.88,0.45,"161,909.35","2,179.91","1,661.73",0.47,0.54
2021-09-02,18.40,2.91,"169,073.90","2,977.04","2,454.10",0.47,0.67
2021-09-03,18.04,-1.96,"165,597.51",664.28,-168.89,0.47,0.26
2021-09-06,18.45,2.27,"168,457.94",302.39,-898.21,0.47,0.11
2021-09-07,19.24,4.28,"175,746.66","1,590.65",74.31,0.47,0.52
2021-09-08,19.23,-0.05,"175,668.13","1,815.64",12.86,0.47,0.92
2021-09-09,19.00,-1.20,"172,704.08",429.04,-859.59,0.47,0.31
2021-09-10,20.57,8.26,"186,821.93","2,561.35",-149.96,0.47,0.55
2021-09-13,20.21,-1.75,"180,632.12",336.11,"-2,902.88",0.46,0.13
2021-09-14,19.37,-4.16,"168,539.54",762.96,"-4,643.51",0.45,0.34
2021-09-15,19.52,0.77,"171,514.10","2,152.17","1,665.80",0.45,1.31
2021-09-16,19.08,-2.25,"169,976.15","2,868.86","2,316.58",0.46,1.28
2021-09-17,18.53,-2.88,"164,022.62","1,690.91","-1,061.04",0.46,0.81
2021-09-22,17.98,-2.97,"157,395.54",858.17,"-1,737.11",0.45,0.33
2021-09-23,17.68,-1.67,"156,189.07","2,315.16","1,434.91",0.46,0.94
2021-09-24,17.35,-1.87,"152,831.73",787.64,-444.76,0.45,0.36
2021-09-27,17.57,1.27,"152,050.15","1,633.44","-2,685.64",0.45,0.83
2021-09-28,17.97,2.28,"155,569.06",480.42,57.01,0.45,0.21
2021-09-29,18.15,1.00,"156,816.76",484.66,-309.57,0.45,0.22
2021-09-30,17.93,-1.21,"154,377.23",390.97,-538.03,0.44,0.27
2021-10-08,18.64,3.96,"161,250.65",944.21,755.48,0.45,0.44
2021-10-11,19.40,4.08,"168,251.27","1,025.90",426.92,0.45,0.36
2021-10-12,19.35,-0.26,"167,428.50",403.79,-390.96,0.45,0.20
2021-10-13,19.58,1.19,"169,515.95","1,411.54",97.08,0.45,0.89
2021-10-14,19.21,-1.89,"167,069.32","2,183.43",758.83,0.45,1.34
2021-10-15,19.66,2.34,"167,164.99",827.32,"-3,809.06",0.44,0.42
2021-10-18,19.29,-1.88,"162,377.16",682.53,"-1,643.31",0.43,0.48
2021-10-19,19.57,1.45,"161,795.34",951.84,"-2,927.81",0.43,0.72
2021-10-20,19.24,-1.69,"148,607.68",67.17,"-10,523.58",0.40,0.05
2021-10-21,20.00,3.95,"155,253.44","3,065.81",764.83,0.40,0.96
2021-10-22,20.04,0.20,"154,006.44","1,585.63","-1,566.29",0.40,0.69
2021-10-25,20.12,0.40,"155,565.42","1,538.35",936.73,0.40,1.05
2021-10-26,20.05,-0.35,"156,186.74","1,581.92","1,166.63",0.40,1.20
2021-10-27,19.92,-0.65,"153,604.10",378.05,"-1,565.70",0.40,0.28
2021-10-28,19.72,-1.00,"125,030.35",274.69,"-26,837.92",0.33,0.23
2021-10-29,19.50,-1.12,"115,100.19",451.19,"-8,534.47",0.30,0.43
2021-11-01,19.39,-0.56,"113,997.44",248.03,-452.11,0.30,0.15
2021-11-02,18.18,-6.24,"106,030.85",895.65,-866.76,0.30,0.24
2021-11-03,18.03,-0.83,"103,914.28","1,566.77","-1,241.13",0.30,0.78
2021-11-04,17.87,-0.89,"94,521.90",608.73,"-8,486.22",0.27,0.35
2021-11-05,17.64,-1.29,"91,767.66",535.56,"-1,544.84",0.27,0.28
2021-11-08,17.42,-1.25,"88,829.45",564.54,"-1,799.70",0.26,0.23
2021-11-09,17.53,0.63,"85,559.18",802.28,"-3,810.87",0.25,0.37
2021-11-10,17.40,-0.74,"83,271.52","4,636.55","-1,641.85",0.25,2.20
2021-11-11,18.35,5.46,"89,545.98","1,801.39","1,695.02",0.25,0.48
2021-11-12,18.27,-0.44,"88,654.62",266.38,-502.00,0.25,0.15
2021-11-15,18.43,0.88,"86,691.10","1,161.98","-2,731.82",0.24,0.97
2021-11-16,18.22,-1.14,"83,033.35",525.32,"-2,679.44",0.23,0.48
2021-11-17,18.11,-0.60,"83,604.08","2,151.09","1,072.21",0.24,1.79
2021-11-18,17.80,-1.71,"79,997.14",689.82,"-2,185.52",0.23,0.48
2021-11-19,18.15,1.97,"83,467.29","3,807.06","1,880.21",0.24,2.69
2021-11-22,18.12,-0.17,"82,812.74",175.33,-516.36,0.24,0.13
2021-11-23,17.88,-1.32,"81,684.91",456.70,-31.03,0.24,0.21
2021-11-24,17.87,-0.06,"79,515.19",177.45,"-2,111.28",0.23,0.13
2021-11-25,17.68,-1.06,"77,762.60",771.70,-908.16,0.23,0.72
2021-11-26,17.58,-0.57,"75,032.27",133.15,"-2,288.63",0.22,0.11
2021-11-29,17.51,-0.40,"73,999.62",631.96,-731.89,0.22,0.71
2021-11-30,17.44,-0.40,"71,634.36",903.02,"-2,070.97",0.21,0.71
2021-12-01,17.64,1.15,"71,989.99",957.57,-464.62,0.21,0.77
2021-12-02,17.59,-0.28,"72,418.33","3,115.73",632.15,0.21,1.78
2021-12-03,17.65,0.34,"71,069.27","1,588.05","-1,587.73",0.21,1.28
2021-12-06,18.10,2.55,"75,499.91","3,236.05","2,627.31",0.21,0.83
2021-12-07,18.46,1.99,"76,543.73","1,129.09",-457.23,0.21,0.38
2021-12-08,18.47,0.05,"78,140.74","2,282.41","1,545.34",0.22,1.27
2021-12-09,18.70,1.25,"77,654.45","1,067.71","-1,461.58",0.21,0.39
2021-12-10,18.38,-1.71,"73,966.17",835.28,"-2,367.00",0.21,0.46
2021-12-13,18.27,-0.60,"72,143.05",752.45,"-1,395.52",0.20,0.31
2021-12-14,17.58,-3.78,"66,776.15","1,303.80","-2,664.43",0.20,0.38
2021-12-15,17.55,-0.17,"66,200.21",727.60,-461.54,0.19,0.32
2021-12-16,17.72,0.97,"64,973.93",700.09,"-1,858.99",0.19,0.48
2021-12-17,17.57,-0.85,"64,495.79",216.15,72.17,0.19,0.20
2021-12-20,17.52,-0.28,"64,070.98",525.35,-241.50,0.19,0.40
2021-12-21,17.59,0.40,"64,831.69",902.84,504.98,0.19,0.57
2021-12-22,17.39,-1.14,"64,154.89",215.13,60.45,0.19,0.13
2021-12-23,17.32,-0.40,"64,303.77",707.78,406.22,0.19,0.39
2021-12-24,17.31,-0.06,"60,454.77",249.87,"-3,802.61",0.18,0.30
2021-12-27,17.22,-0.52,"62,404.22","2,331.75","2,266.41",0.19,1.85
2021-12-28,17.17,-0.29,"62,069.32","1,661.88",-153.70,0.19,0.86
2021-12-29,16.75,-2.45,"61,348.83","1,320.31",804.07,0.19,0.53
2021-12-30,16.82,0.42,"61,866.18","2,444.93",261.43,0.19,1.82
2021-12-31,16.48,-2.02,"60,958.06","1,341.53",344.16,0.19,0.46
2022-01-04,16.66,1.09,"60,679.82","1,599.43",-929.95,0.19,0.83
2022-01-05,17.15,2.94,"59,622.15",493.95,"-2,824.88",0.18,0.15
2022-01-06,17.12,-0.17,"59,607.39",579.12,89.53,0.18,0.31
2022-01-07,17.20,0.47,"59,827.96",558.97,-57.96,0.18,0.29
2022-01-10,17.19,-0.06,"58,902.91",292.14,-889.99,0.18,0.19
2022-01-11,17.41,1.28,"59,836.25",673.16,179.38,0.18,0.24
2022-01-12,17.00,-2.35,"57,318.88",181.76,"-1,111.54",0.17,0.07
2022-01-13,16.98,-0.12,"57,048.06",327.14,-204.19,0.17,0.21
2022-01-14,16.33,-3.83,"54,319.18",319.49,-549.12,0.17,0.09
2022-01-17,16.22,-0.67,"51,424.49",232.67,"-2,529.57",0.16,0.13
2022-01-18,16.52,1.85,"50,935.98",311.47,"-1,429.34",0.16,0.16
2022-01-19,16.50,-0.12,"44,940.23",64.36,"-5,934.55",0.14,0.04
2022-01-20,17.33,5.03,"46,767.79",941.73,-428.36,0.14,0.18
2022-01-21,17.35,0.12,"45,197.59",156.59,"-1,626.95",0.13,0.06
2022-01-24,17.20,-0.86,"38,387.30",137.82,"-6,405.81",0.12,0.09
2022-01-25,16.85,-2.03,"36,504.51",412.31,"-1,107.52",0.11,0.22
2022-01-26,16.65,-1.19,"34,253.92",592.38,"-1,824.40",0.11,0.36
2022-01-27,16.30,-2.10,"33,479.58",99.69,-54.51,0.11,0.06
2022-01-28,15.83,-2.88,"32,292.44",176.31,-225.38,0.11,0.07
2022-02-07,16.39,3.54,"36,396.00","3,049.63","2,922.95",0.11,1.24
2022-02-08,16.83,2.68,"38,078.42","1,288.44",704.67,0.12,0.44
2022-02-09,16.86,0.18,"38,226.09",430.92,79.88,0.12,0.24
2022-02-10,16.99,0.77,"38,603.23",305.60,82.02,0.12,0.23
2022-02-11,17.10,0.65,"38,826.85",375.81,-26.43,0.12,0.20
2022-02-14,16.58,-3.04,"37,382.77",312.14,-264.74,0.12,0.16
2022-02-15,16.28,-1.81,"36,556.10",269.54,-150.41,0.12,0.14
2022-02-16,16.41,0.80,"36,195.03",168.97,-652.12,0.11,0.13
2022-02-17,16.42,0.06,"36,165.36",187.14,-51.80,0.11,0.14
2022-02-18,16.77,2.13,"36,229.28","3,403.58",-698.79,0.11,2.56
2022-02-21,16.51,-1.55,"31,266.31",142.94,"-4,379.92",0.10,0.11
2022-02-22,16.23,-1.70,"30,682.34",158.11,-53.77,0.10,0.11
2022-02-23,16.19,-0.25,"30,558.63",230.49,-47.95,0.10,0.16
2022-02-24,15.91,-1.73,"30,243.96",489.40,214.46,0.10,0.23
2022-02-25,15.90,-0.06,"30,171.05",207.54,-54.04,0.10,0.18
2022-02-28,15.75,-0.94,"29,878.75",254.14,-7.64,0.10,0.22
2022-03-01,15.92,1.08,"29,783.93",180.11,-413.43,0.10,0.12
2022-03-02,15.68,-1.51,"29,920.58",761.42,587.34,0.10,0.64
2022-03-03,15.71,0.19,"29,724.73",70.20,-253.00,0.10,0.08
2022-03-04,15.33,-2.42,"29,623.54",738.88,619.71,0.10,0.48
2022-03-07,14.72,-3.98,"29,990.40","2,480.91","1,562.02",0.10,1.50
2022-03-08,14.31,-2.79,"29,065.06","1,495.04",-91.75,0.10,1.02
2022-03-09,13.84,-3.28,"28,670.41",935.78,559.92,0.11,0.38
2022-03-10,14.57,5.27,"30,290.56","1,182.33",107.67,0.11,0.36
2022-03-11,14.90,2.26,"33,452.00","2,946.82","2,433.07",0.12,1.35
2022-03-14,14.49,-2.75,"31,477.66",343.88,"-1,064.72",0.11,0.21
2022-03-15,13.68,-5.59,"29,921.59",487.49,207.13,0.11,0.20
2022-03-16,14.31,4.61,"28,148.84","1,067.76","-3,078.37",0.10,0.50
2022-03-17,14.45,0.98,"27,772.78",518.41,-653.16,0.10,0.21
2022-03-18,14.70,1.73,"28,483.33",922.26,227.48,0.10,0.42
2022-03-21,14.59,-0.75,"28,207.15",456.58,-63.11,0.10,0.26
2022-03-22,15.18,4.04,"29,788.64","1,405.91",435.63,0.10,0.58
2022-03-23,15.00,-1.19,"28,951.22",434.61,-484.94,0.10,0.28
2022-03-24,15.20,1.33,"30,531.35","1,522.57","1,190.42",0.10,1.00
2022-03-25,14.98,-1.45,"29,344.50",573.70,-747.26,0.10,0.51
2022-03-28,14.85,-0.87,"29,095.19",463.29,5.34,0.10,0.43
2022-03-29,14.68,-1.14,"28,665.19",278.37,-97.50,0.10,0.31
2022-03-30,15.21,3.61,"30,913.83","1,833.28","1,199.82",0.10,0.99
2022-03-31,15.38,1.12,"30,972.67",297.81,-286.58,0.10,0.17
2022-04-01,15.75,2.41,"31,742.24",436.67,24.26,0.10,0.19
2022-04-06,16.39,4.06,"33,032.91","1,062.99",0.82,0.10,0.26
2022-04-07,16.28,-0.67,"32,932.09",869.30,121.91,0.10,0.32
2022-04-08,16.40,0.74,"32,587.87",370.97,-584.12,0.10,0.21
2022-04-11,16.05,-2.13,"31,701.84",493.68,-190.87,0.10,0.22
2022-04-12,15.92,-0.81,"32,355.07","1,356.98",910.18,0.10,0.82
2022-04-13,15.80,-0.75,"31,739.73",174.51,-373.65,0.10,0.12
2022-04-14,16.04,1.52,"32,476.89",571.88,255.42,0.10,0.38
2022-04-15,16.42,2.37,"33,293.58",926.26,47.09,0.10,0.46
2022-04-18,15.90,-3.17,"32,499.02",855.08,260.72,0.11,0.49
2022-04-19,15.81,-0.57,"31,973.41",400.82,-340.34,0.10,0.31
2022-04-20,15.85,0.25,"28,642.00",462.98,"-3,418.19",0.09,0.41
2022-04-21,15.81,-0.25,"28,984.88",807.82,416.03,0.09,0.72
2022-04-22,16.06,1.58,"29,657.96",553.57,213.13,0.10,0.38
2022-04-25,14.85,-7.53,"26,957.27",692.87,-476.72,0.09,0.27
2022-04-26,14.73,-0.81,"26,203.32",272.81,-536.58,0.09,0.19
2022-04-27,15.65,6.25,"28,444.57","1,360.55",595.44,0.09,0.59
2022-04-28,15.65,0.00,"28,560.38",504.52,115.77,0.09,0.35
2022-04-29,15.32,-2.11,"27,190.46",586.52,-762.60,0.09,0.23
2022-05-05,15.32,0.00,"27,434.20",481.23,243.37,0.09,0.40
2022-05-06,14.96,-2.35,"26,918.17",712.43,129.22,0.09,0.57
2022-05-09,14.55,-2.74,"24,767.69",796.39,"-1,419.88",0.09,0.67
2022-05-10,14.59,0.27,"23,406.79",579.60,"-1,407.38",0.08,0.41
2022-05-11,14.63,0.27,"23,182.17",343.89,-288.61,0.08,0.28
2022-05-12,14.38,-1.71,"30,483.14","7,984.26","7,712.26",0.11,8.09
2022-05-13,14.61,1.60,"29,428.62",456.75,"-1,538.76",0.10,0.46
2022-05-16,14.41,-1.37,"28,224.01",281.50,-804.03,0.10,0.29
2022-05-17,14.71,2.08,"25,026.20",513.73,"-3,750.39",0.09,0.38
2022-05-18,14.75,0.27,"24,352.47",596.25,-743.13,0.09,0.52
2022-05-19,14.62,-0.88,"23,966.36",611.05,-171.34,0.08,0.71
2022-05-20,15.02,2.74,"20,969.97",481.42,"-3,627.43",0.07,0.34
2022-05-23,14.83,-1.26,"19,700.57",402.48,"-1,006.34",0.07,0.42
2022-05-24,14.40,-2.90,"19,352.66",677.19,225.71,0.07,0.50
2022-05-25,14.39,-0.07,"19,192.01",358.42,-146.90,0.07,0.41
2022-05-26,14.19,-1.39,"20,669.36","2,225.82","1,744.85",0.08,1.55
2022-05-27,14.18,-0.07,"20,746.40",463.82,92.00,0.08,0.45
2022-05-30,14.08,-0.71,"20,818.18",509.39,218.56,0.08,0.40
2022-05-31,14.16,0.57,"20,701.51",317.36,-234.17,0.08,0.24
2022-06-01,14.08,-0.56,"20,881.64",552.90,296.40,0.08,0.47
2022-06-02,13.95,-0.92,"20,366.87",230.62,-321.41,0.08,0.17
2022-06-06,14.17,1.58,"20,820.32",651.44,129.33,0.08,0.27
2022-06-07,14.16,-0.07,"20,275.33",412.36,-529.77,0.07,0.22
2022-06-08,14.16,0.00,"20,499.06",669.06,222.55,0.07,0.41
2022-06-09,14.35,1.34,"20,542.22",513.60,-231.58,0.07,0.22
2022-06-10,14.32,-0.21,"20,479.23",437.26,-19.91,0.07,0.23
2022-06-13,13.91,-2.86,"19,911.66",466.70,18.87,0.07,0.22
2022-06-14,14.12,1.51,"20,156.07",238.50,-55.38,0.07,0.15
2022-06-15,14.74,4.39,"21,097.42","1,020.39",56.07,0.07,0.20
2022-06-16,14.44,-2.04,"20,504.28",501.68,-165.09,0.07,0.26
2022-06-17,14.45,0.07,"20,812.68",806.54,292.50,0.07,0.53
2022-06-20,14.34,-0.76,"20,331.88",375.99,-322.23,0.07,0.25
2022-06-21,14.37,0.21,"20,341.65",487.37,-32.87,0.07,0.26
2022-06-22,14.08,-2.02,"19,906.21",368.63,-25.12,0.07,0.25
2022-06-23,14.20,0.85,"20,017.79",333.06,-57.89,0.07,0.29
2022-06-24,14.23,0.21,"19,890.38",301.32,-169.08,0.07,0.25
2022-06-27,14.49,1.83,"20,212.59",421.19,-41.15,0.07,0.19
2022-06-28,14.63,0.97,"20,442.26",264.64,34.23,0.07,0.16
2022-06-29,14.64,0.07,"20,679.78",669.27,224.86,0.07,0.36
2022-06-30,14.98,2.32,"21,247.60",836.24,86.97,0.07,0.36
2022-07-01,14.92,-0.40,"21,172.13",167.90,9.65,0.07,0.14
2022-07-04,14.94,0.13,"20,505.59",310.30,-691.58,0.07,0.25
2022-07-05,14.91,-0.20,"20,640.35",496.48,177.21,0.07,0.30
2022-07-06,14.53,-2.55,"19,505.21",138.40,-610.73,0.07,0.09
2022-07-07,14.42,-0.76,"19,419.98",226.27,62.72,0.07,0.21
2022-07-08,14.54,0.83,"19,701.70",304.92,119.95,0.07,0.33
2022-07-11,14.46,-0.55,"19,411.97",221.16,-181.15,0.07,0.25
2022-07-12,14.42,-0.28,"19,458.21",425.63,100.60,0.07,0.39
2022-07-13,13.97,-3.12,"18,787.00",386.47,-64.34,0.07,0.13
2022-07-14,13.37,-4.29,"18,359.82",605.77,381.37,0.07,0.17
2022-07-15,13.24,-0.97,"17,766.36",377.62,-419.51,0.07,0.18
2022-07-18,13.39,1.13,"17,736.93",197.39,-229.48,0.07,0.13
2022-07-19,13.42,0.22,"17,897.58",218.50,120.26,0.07,0.22
2022-07-20,13.39,-0.22,"19,281.07","1,590.55","1,424.53",0.07,1.48
2022-07-21,13.01,-2.84,"18,688.74",150.69,-45.59,0.07,0.06
2022-07-22,12.81,0.23,"18,223.25",51.01,-177.40,0.07,0.03
2022-07-25,12.82,0.08,"18,180.68",62.09,-56.60,0.07,0.06
2022-07-26,12.91,0.70,"18,332.59",172.11,24.13,0.07,0.13
2022-07-27,12.79,-0.93,"18,559.31",466.16,397.53,0.07,0.39
2022-07-28,12.88,0.70,"18,567.04",112.26,-122.68,0.07,0.12
2022-07-29,12.68,-1.55,"18,328.31",282.88,49.82,0.07,0.27
2022-08-01,12.42,-2.05,"17,911.88",114.38,-40.74,0.07,0.09
2022-08-02,12.26,-1.29,"17,591.63",265.24,-88.49,0.07,0.16
2022-08-03,12.03,-1.88,"17,453.49",313.77,193.60,0.07,0.35
2022-08-04,12.16,1.08,"17,404.61",46.71,-236.35,0.07,0.06
2022-08-05,12.31,1.23,"17,592.34",150.09,-26.64,0.07,0.16
2022-08-08,12.20,-0.89,"16,836.48",315.34,-600.00,0.07,0.47
2022-08-09,12.12,-0.66,"16,586.46",56.74,-139.67,0.07,0.08
2022-08-10,12.06,-0.50,"16,563.21",141.82,59.00,0.07,0.17
2022-08-11,12.35,2.40,"16,946.30",172.14,-15.04,0.07,0.10
2022-08-12,12.38,0.24,"16,792.36",68.36,-194.12,0.07,0.07
2022-08-15,12.11,-2.18,"16,566.00",275.29,140.44,0.07,0.19
2022-08-16,12.13,0.17,"16,688.09",148.64,94.76,0.07,0.19
2022-08-17,12.40,2.23,"16,717.19",167.11,-339.25,0.07,0.10
2022-08-18,12.25,-1.21,"16,753.96",365.05,239.80,0.07,0.23
2022-08-19,12.57,2.61,"17,291.80",350.20,100.40,0.07,0.13
2022-08-22,12.50,-0.56,"16,998.88",131.82,-196.73,0.07,0.09
2022-08-23,12.34,-1.28,"16,722.92",91.58,-58.38,0.07,0.08
2022-08-24,12.40,0.49,"15,478.67",169.75,"-1,331.37",0.06,0.11
2022-08-25,12.62,1.77,"15,769.70",251.48,16.24,0.06,0.19
2022-08-26,12.61,-0.08,"15,824.92",182.09,67.67,0.06,0.16
2022-08-29,12.42,-1.51,"15,653.55",358.36,66.89,0.06,0.31
2022-08-30,12.48,0.48,"15,854.09",343.91,124.10,0.07,0.35
2022-08-31,12.75,2.16,"16,217.87",322.37,20.62,0.07,0.15
2022-09-01,12.61,-1.10,"16,061.32",384.09,21.63,0.07,0.35
2022-09-02,12.51,-0.79,"15,719.52",80.41,-214.35,0.06,0.08
2022-09-05,12.57,0.48,"15,848.09",125.25,52.77,0.06,0.16
2022-09-06,12.50,-0.56,"15,808.06",231.50,48.26,0.07,0.25
2022-09-07,12.33,-1.36,"15,600.47",263.05,7.40,0.07,0.22
2022-09-08,12.36,0.24,"15,471.07",76.63,-167.62,0.06,0.10
2022-09-09,12.72,2.91,"14,524.24",325.58,"-1,390.17",0.06,0.13
2022-09-13,12.95,1.81,"14,797.49",268.11,10.58,0.06,0.12
2022-09-14,12.73,-1.70,"14,361.26",69.55,-185.31,0.06,0.06
2022-09-15,13.00,2.12,"15,077.05",495.02,411.18,0.06,0.21
2022-09-16,12.56,-3.38,"14,224.99",188.71,-344.62,0.06,0.11
2022-09-19,12.57,0.08,"14,281.77",121.76,45.39,0.06,0.15
2022-09-20,12.34,-1.83,"14,081.66",197.41,61.43,0.06,0.18
2022-09-21,12.43,0.73,"14,285.26",229.81,100.31,0.06,0.27
2022-09-22,12.29,-1.13,"14,000.23",117.57,-124.08,0.06,0.16
2022-09-23,12.29,0.00,"13,626.62",76.65,-374.64,0.06,0.11
2022-09-26,12.00,-2.36,"13,321.64",153.38,16.71,0.06,0.14
2022-09-27,12.15,1.25,"13,643.80",358.61,153.59,0.06,0.38
2022-09-28,12.11,-0.33,"13,723.25",374.76,124.44,0.06,0.40
2022-09-29,11.86,-2.06,"12,717.20",79.38,-730.71,0.06,0.07
2022-09-30,11.84,-0.17,"12,637.97",80.87,-58.04,0.06,0.13
2022-10-10,11.47,-3.12,"12,408.55",302.45,167.15,0.06,0.27
2022-10-11,11.48,0.09,"12,442.23",104.02,22.86,0.06,0.22
2022-10-12,11.60,1.05,"13,161.22",820.95,582.28,0.06,1.28
2022-10-13,11.34,-2.24,"12,658.59",279.31,-208.31,0.06,0.29
2022-10-14,11.53,1.68,"12,910.23",298.69,39.60,0.06,0.24
2022-10-17,11.48,-0.43,"13,067.89",576.03,212.74,0.06,0.49
2022-10-18,11.48,0.00,"12,793.05",196.58,-276.01,0.06,0.18
2022-10-19,11.29,-1.66,"12,505.55",174.61,-76.24,0.06,0.17
2022-10-20,11.20,-0.80,"12,398.81",44.97,-7.07,0.06,0.05
2022-10-21,11.09,-0.98,"11,901.62",161.92,-377.76,0.06,0.18
2022-10-24,10.62,-4.24,"11,691.51",450.74,299.67,0.06,0.30
2022-10-25,10.65,0.28,"10,896.82",291.76,-829.99,0.05,0.21
2022-10-26,10.66,0.09,"10,792.99",78.44,-114.19,0.05,0.06
2022-10-27,10.68,0.19,"10,809.29",118.40,-3.96,0.05,0.12
2022-10-28,10.42,-2.43,"10,572.29",333.15,26.45,0.05,0.30
2022-10-31,10.34,-0.77,"10,251.75",254.60,-239.30,0.05,0.25
2022-11-01,10.67,3.19,"11,606.78","1,162.54","1,018.06",0.06,0.80
2022-11-02,10.63,-0.37,"10,149.30",120.12,"-1,406.56",0.05,0.09
2022-11-03,10.44,-1.79,"9,808.25",42.58,-159.97,0.05,0.04
2022-11-04,10.82,3.64,"10,196.12",440.53,30.57,0.05,0.23
2022-11-07,10.88,0.55,"9,961.19","1,054.66",-290.25,0.05,0.99
2022-11-08,10.85,-0.28,"8,924.34",95.49,"-1,009.45",0.04,0.15
2022-11-09,10.89,0.37,"9,068.43",200.17,111.80,0.04,0.22
2022-11-10,10.87,-0.18,"8,653.82",140.03,-395.87,0.04,0.23
2022-11-11,11.43,5.15,"10,339.57","1,489.57","1,226.94",0.05,0.52
2022-11-14,11.95,4.55,"9,879.06",356.57,-933.05,0.04,0.08
2022-11-15,12.01,0.50,"9,819.25",132.30,-109.47,0.04,0.07
2022-11-16,11.82,-1.58,"9,781.68",334.23,118.37,0.04,0.22
2022-11-17,11.69,-1.10,"9,401.95",186.68,-271.79,0.04,0.15
2022-11-18,11.59,-0.86,"9,195.04",266.37,-127.11,0.04,0.26
2022-11-21,11.46,-1.12,"8,994.03",230.67,-96.95,0.04,0.19
2022-11-22,11.82,3.14,"9,624.43",463.88,345.10,0.04,0.27
2022-11-23,11.82,0.00,"9,783.61",690.36,160.11,0.04,0.47
2022-11-24,11.77,-0.42,"8,780.30",146.46,-965.27,0.04,0.16
2022-11-25,12.17,3.40,"9,359.70",459.37,279.35,0.04,0.22
2022-11-28,11.81,-2.96,"8,857.50",214.84,-224.73,0.04,0.14
2022-11-29,12.99,9.99,"10,225.33",818.01,471.62,0.04,0.14
2022-11-30,13.03,0.31,"10,330.70",459.09,74.31,0.04,0.11
2022-12-01,13.10,0.54,"10,164.81",337.54,-224.32,0.04,0.13
2022-12-02,12.90,-1.53,"9,801.29",455.35,-207.44,0.04,0.25
2022-12-05,13.53,4.88,"11,066.45","1,002.45",776.86,0.04,0.33
2022-12-06,13.43,-0.74,"10,980.36",379.84,-4.29,0.04,0.23
2022-12-07,13.15,-2.08,"10,487.66",542.58,-264.42,0.04,0.30
2022-12-08,13.36,1.60,"10,907.78",575.91,252.33,0.04,0.40
2022-12-09,13.70,2.54,"11,328.31",531.80,141.90,0.04,0.24
2022-12-12,13.11,-4.31,"10,435.57",329.02,-409.90,0.04,0.18
2022-12-13,13.24,0.99,"11,570.31","1,343.48","1,030.97",0.05,1.12
2022-12-14,13.23,-0.08,"10,613.24",238.39,-947.73,0.04,0.19
2022-12-15,13.10,-0.98,"10,593.58",617.08,84.64,0.04,0.56
2022-12-16,13.34,1.83,"10,853.56",468.37,65.49,0.04,0.38
2022-12-19,13.04,-2.25,"10,174.60",344.49,-438.50,0.04,0.25
2022-12-20,12.76,-2.15,"9,898.96",333.04,-57.52,0.04,0.29
2022-12-21,12.89,1.02,"10,048.02",375.54,48.18,0.04,0.47
2022-12-22,12.95,0.47,"10,283.34",488.51,189.72,0.04,0.56
2022-12-23,12.98,0.23,"10,227.90",382.17,-79.05,0.04,0.52
2022-12-26,12.77,-1.62,"9,734.49",124.48,-329.22,0.04,0.12
2022-12-27,13.11,2.66,"10,660.42",813.91,665.91,0.04,0.70
2022-12-28,13.14,0.23,"10,149.61",209.62,-536.64,0.04,0.20
2022-12-29,13.03,-0.84,"10,188.29",496.08,123.11,0.04,0.57
2022-12-30,13.16,1.00,"10,120.30",474.42,-169.36,0.04,0.44
2023-01-03,13.77,4.64,"11,581.31","1,337.04",975.57,0.04,0.45
2023-01-04,14.32,3.99,"12,268.66",793.77,222.98,0.04,0.26
2023-01-05,14.48,1.12,"12,350.64",463.16,-55.23,0.04,0.19
2023-01-06,14.62,0.97,"12,727.31",550.45,257.22,0.04,0.31
2023-01-09,14.80,1.23,"13,283.50",810.76,398.48,0.05,0.52
2023-01-10,14.44,-2.43,"11,913.78",54.83,"-1,056.92",0.04,0.03
2023-01-11,14.67,1.59,"12,354.99",317.20,251.24,0.04,0.26
2023-01-12,14.67,0.00,"12,469.27",337.14,113.84,0.04,0.37
2023-01-13,14.95,1.91,"12,553.04",226.85,-152.95,0.04,0.16
2023-01-16,15.08,0.87,"13,668.64","1,407.01","1,008.10",0.05,0.60
2023-01-17,14.97,-0.73,"12,511.01",236.02,"-1,054.31",0.04,0.17
2023-01-18,15.11,0.94,"13,446.67",912.46,817.01,0.05,0.84
2023-01-19,15.09,-0.13,"12,314.48",157.50,"-1,108.81",0.04,0.16
2023-01-20,15.13,0.27,"11,973.41",222.10,-373.45,0.04,0.24
2023-01-30,15.15,0.13,"12,403.59",555.83,417.29,0.04,0.27
2023-01-31,14.99,-1.06,"12,129.92",422.30,-144.88,0.04,0.27
2023-02-01,14.70,-1.93,"11,169.96",144.11,-724.09,0.04,0.06
2023-02-02,14.60,-0.68,"11,227.12",371.33,131.82,0.04,0.16
2023-02-03,14.32,-1.92,"11,070.81",546.91,58.91,0.04,0.31
2023-02-06,14.00,-2.23,"10,681.03",200.22,-141.90,0.04,0.11
2023-02-07,14.21,1.50,"11,020.19",536.57,178.91,0.04,0.43
2023-02-08,14.04,-1.20,"10,771.17",152.74,-117.82,0.04,0.16
2023-02-09,14.13,0.64,"10,733.95",140.16,-106.36,0.04,0.12
2023-02-10,13.98,-1.06,"7,573.49",8.39,"-3,045.95",0.03,0.01
2023-02-13,13.82,-1.14,"7,518.87",236.48,31.88,0.03,0.10
2023-02-14,13.96,1.01,"7,383.83",255.16,-210.15,0.03,0.20
2023-02-15,13.67,-2.08,"6,948.97",41.94,-282.20,0.03,0.02
2023-02-16,13.60,-0.51,"7,267.53",419.32,357.77,0.03,0.24
2023-02-17,13.43,-1.25,"6,948.78",349.99,-230.39,0.03,0.28
2023-02-20,14.15,5.36,"8,542.60","1,515.17","1,201.53",0.03,0.51
2023-02-21,14.10,-0.35,"7,377.79",295.37,"-1,131.83",0.03,0.21
2023-02-22,14.02,-0.57,"7,484.86",366.52,148.93,0.03,0.41
2023-02-23,14.05,0.21,"7,633.34",491.07,133.27,0.03,0.42
2023-02-24,13.86,-1.35,"6,912.50",63.12,-618.15,0.03,0.06
2023-02-27,13.69,-1.23,"6,898.56",288.04,71.18,0.03,0.34
2023-02-28,13.78,0.66,"6,985.25",168.87,41.12,0.03,0.20
2023-03-01,14.17,2.83,"7,799.20",778.29,611.31,0.03,0.45
2023-03-02,14.24,0.49,"7,749.15",388.87,-88.63,0.03,0.27
2023-03-03,14.29,0.35,"7,934.70",436.47,158.04,0.03,0.44
2023-03-06,13.85,-3.08,"7,261.86",117.89,-430.14,0.03,0.06
2023-03-07,13.69,-1.16,"7,511.14",718.14,337.42,0.03,0.40
2023-03-08,13.53,-1.17,"7,152.48",519.41,-270.09,0.03,0.35
2023-03-09,13.20,-2.44,"6,792.57",402.30,-186.61,0.03,0.17
2023-03-10,13.14,-0.45,"6,627.32",320.66,-134.67,0.03,0.28
2023-03-13,13.05,-0.68,"6,594.01",423.74,12.12,0.03,0.32
2023-03-14,12.87,-1.38,"6,219.28",366.39,-282.87,0.02,0.25
2023-03-15,13.05,1.40,"6,474.61",512.81,168.37,0.03,0.40
2023-03-16,12.82,-1.76,"2,854.58",428.58,"-3,525.98",0.01,0.36
2023-03-17,12.75,-0.55,"2,215.26",538.12,-628.72,0.01,0.27
2023-03-20,12.57,-1.41,"1,530.73",458.68,-658.31,0.01,0.30
2023-03-21,12.70,1.03,"1,284.96",373.49,-259.93,0.01,0.35
2023-03-22,12.79,0.71,"1,655.64",699.61,361.51,0.01,0.62
2023-03-23,12.90,0.86,"1,652.33",502.08,-17.41,0.01,0.49
2023-03-24,12.82,-0.62,"2,006.20",967.09,363.91,0.01,1.21
2023-03-27,12.60,-1.72,948.66,163.20,"-1,020.17",0.00,0.13
2023-03-28,12.64,0.32,"1,283.97",424.84,332.32,0.01,0.50
2023-03-29,12.53,-0.87,"1,232.70",63.73,-40.30,0.01,0.08
2023-03-30,12.68,1.20,"1,324.05",220.51,75.85,0.01,0.21
2023-03-31,12.53,-1.18,"2,132.61","1,097.07",830.15,0.01,1.00
2023-04-03,12.67,1.12,"1,223.16",155.58,-929.45,0.00,0.17
2023-04-04,12.65,-0.16,"1,096.50",45.59,-124.53,0.00,0.06
2023-04-06,12.58,-0.55,831.79,85.28,-257.85,0.00,0.12
2023-04-07,12.62,0.32,666.34,20.45,-168.13,0.00,0.03
2023-04-10,12.68,0.48,"1,785.09","1,131.45","1,113.10",0.01,1.40
2023-04-11,12.54,-1.10,"1,237.32",83.77,-529.67,0.01,0.09
2023-04-12,12.48,-0.48,919.15,299.13,-312.63,0.00,0.26
2023-04-13,12.56,0.64,871.54,204.79,-53.23,0.00,0.14
2023-04-14,12.69,1.04,"1,057.46",348.93,177.58,0.00,0.21
2023-04-17,12.93,1.89,"2,091.69","1,382.24","1,004.01",0.01,0.83
2023-04-18,13.00,0.54,947.57,156.99,"-1,160.82",0.00,0.08
2023-04-19,12.85,-1.15,948.20,183.96,11.62,0.00,0.14
2023-04-20,12.75,-0.78,"1,033.39",254.71,92.41,0.00,0.25
2023-04-21,12.50,-1.96,969.13,267.18,-44.47,0.00,0.23
2023-04-24,12.10,-3.20,"1,024.99",215.87,87.97,0.00,0.12
2023-04-25,12.28,1.49,"1,016.91",177.68,-23.28,0.00,0.11
2023-04-26,12.12,-1.30,"1,019.05",207.80,15.34,0.00,0.17
2023-04-27,12.26,1.16,"1,236.91",452.28,204.71,0.01,0.37
2023-04-28,12.55,2.37,"1,001.87",339.93,-264.75,0.00,0.19
2023-05-04,12.73,1.43,"2,008.03","1,290.61",981.95,0.01,0.69
2023-05-05,12.91,1.41,"2,265.45",511.70,229.93,0.01,0.22
2023-05-08,13.32,3.18,"4,093.90","1,993.01","1,743.86",0.02,0.57
2023-05-09,13.16,-1.20,"4,311.25",812.58,270.76,0.02,0.25
2023-05-10,12.84,-2.43,"3,780.26",469.95,-429.33,0.02,0.29
2023-05-11,12.85,0.08,"3,574.26",437.03,-209.87,0.01,0.37
2023-05-12,12.62,-1.79,"3,360.87",368.00,-150.35,0.01,0.33
2023-05-15,12.83,1.66,"3,532.52",559.76,114.05,0.01,0.48
2023-05-16,12.62,-1.64,"3,254.86",448.01,-221.21,0.01,0.35
2023-05-17,12.49,-1.03,"3,269.63",475.53,48.44,0.01,0.50
2023-05-18,12.49,0.00,"3,166.85",456.00,-103.15,0.01,0.53
2023-05-19,12.34,-1.20,"2,986.05",362.39,-143.05,0.01,0.43
2023-05-22,12.38,0.32,"2,913.77",296.75,-81.92,0.01,0.44
2023-05-23,12.21,-1.37,"2,840.79",228.34,-33.16,0.01,0.27
2023-05-24,12.01,-1.64,"2,805.79",303.60,11.61,0.01,0.30
2023-05-25,11.93,-0.67,"3,160.39",557.51,372.19,0.01,0.53
2023-05-26,12.10,1.42,"3,318.92",352.71,112.57,0.01,0.57
2023-05-29,11.98,-0.99,"3,386.88",441.76,101.19,0.01,0.65
2023-05-30,11.87,-0.92,"3,541.90",295.62,186.01,0.02,0.33
2023-05-31,11.60,-2.27,"3,340.46",144.73,-121.62,0.01,0.11
2023-06-01,11.59,-0.09,"4,461.47","1,296.37","1,124.51",0.02,1.50
2023-06-02,11.93,2.93,"4,950.49",505.63,355.40,0.02,0.35
2023-06-05,11.91,-0.17,"4,974.22",198.94,31.99,0.02,0.32
2023-06-06,11.84,-0.59,"5,226.89",545.62,284.88,0.02,0.55
2023-06-07,11.94,0.84,"5,243.89",300.88,-27.21,0.02,0.39
2023-06-08,12.12,1.51,"6,634.57","1,531.53","1,304.85",0.03,1.46
2023-06-09,11.88,-1.98,"5,064.40",198.83,"-1,442.81",0.02,0.13
2023-06-12,11.79,-0.76,"4,992.90",199.10,-33.18,0.02,0.22
2023-06-13,11.77,-0.17,"4,596.38",178.04,-387.96,0.02,0.18
2023-06-14,11.47,-0.17,"4,314.06",360.38,-166.65,0.02,0.29
2023-06-15,11.61,1.22,"4,379.95",196.16,13.12,0.02,0.18
2023-06-16,11.63,0.17,"4,121.63",70.10,-265.75,0.02,0.07
2023-06-19,11.45,-1.55,"4,057.04",134.46,-0.80,0.02,0.12
2023-06-20,11.36,-0.79,"3,929.84",389.85,-95.58,0.02,0.63
2023-06-21,11.35,-0.09,"3,831.04",111.04,-95.87,0.02,0.16
2023-06-26,11.18,-1.50,"3,904.80",315.93,131.41,0.02,0.42
2023-06-27,11.28,0.89,"2,818.83",105.32,"-1,118.14",0.01,0.20
2023-06-28,11.30,0.18,"2,444.60",88.18,-378.44,0.01,0.21
2023-06-29,11.18,-1.06,"3,493.49","1,215.47","1,077.40",0.02,2.23
2023-06-30,11.23,0.45,"2,296.94",340.39,"-1,213.41",0.01,0.58
2023-07-03,11.49,2.32,"2,597.73",544.60,245.89,0.01,0.54
2023-07-04,11.40,-0.78,"3,047.29",569.32,469.44,0.01,0.81
2023-07-05,11.34,-0.53,"2,807.06",65.93,-223.96,0.01,0.14
2023-07-06,11.24,-0.88,"3,021.61",366.66,239.75,0.01,0.55
2023-07-07,11.20,-0.36,"3,057.78",117.85,46.98,0.01,0.22
2023-07-10,11.20,0.00,"3,134.06",116.51,76.44,0.01,0.21
2023-07-11,11.21,0.09,"2,895.95",90.16,-241.00,0.01,0.14
2023-07-12,11.24,0.27,"2,878.07",196.48,-25.72,0.01,0.24
2023-07-13,11.43,1.69,"2,449.52",480.02,-476.03,0.01,0.37
2023-07-14,11.46,0.26,"1,773.85",27.54,-683.05,0.01,0.03
2023-07-17,11.31,-1.31,"1,670.22",58.41,-80.32,0.01,0.08
2023-07-18,11.25,-0.53,"1,483.72",133.85,-177.75,0.01,0.25
2023-07-19,11.31,0.53,"1,362.59",43.51,-128.60,0.01,0.10
2023-07-20,11.32,0.09,"1,689.58",374.36,327.08,0.01,0.59
2023-07-21,11.34,0.18,"1,847.25",359.49,154.58,0.01,0.84
2023-07-24,11.26,-0.71,"1,885.67",199.90,51.47,0.01,0.42
2023-07-25,11.72,4.09,"1,712.25",442.65,-247.95,0.01,0.19
2023-07-26,11.67,-0.43,"1,620.22",124.83,-84.54,0.01,0.14
2023-07-27,11.75,0.69,"1,844.47",273.64,213.78,0.01,0.21
2023-07-28,12.26,4.34,"2,211.31",489.57,283.03,0.01,0.17
2023-07-31,12.32,0.49,"2,080.95",113.89,-141.41,0.01,0.05
2023-08-01,12.16,-1.30,"2,022.06",187.57,-32.00,0.01,0.16
2023-08-02,12.03,-1.07,"1,998.28",263.14,-2.17,0.01,0.20
2023-08-03,12.33,2.49,"2,134.17",369.70,85.08,0.01,0.26
2023-08-04,12.30,-0.24,"2,254.18",279.22,125.87,0.01,0.17
2023-08-07,12.16,-1.14,"1,975.59",64.68,-252.88,0.01,0.08
2023-08-08,12.10,-0.49,"2,042.56",182.95,76.66,0.01,0.21
2023-08-09,12.17,0.58,"2,158.92",198.85,104.41,0.01,0.28
2023-08-10,12.16,-0.08,"2,238.98",158.00,81.67,0.01,0.27
2023-08-11,11.89,-2.22,"2,059.07",327.54,-131.47,0.01,0.29
2023-08-14,11.67,-1.85,"1,651.73",91.28,-369.33,0.01,0.08
2023-08-15,11.73,0.51,"1,995.58",427.84,334.57,0.01,0.51
2023-08-16,11.73,0.00,"1,908.43",281.62,-87.11,0.01,0.42
2023-08-17,11.57,-1.36,"1,793.77",260.03,-88.60,0.01,0.23
2023-08-18,11.56,-0.09,"1,911.41",280.28,119.86,0.01,0.37
